,lr,knn,dt,rf,adb,svm,gdboost,xgboost
0,0.8316085368480579,0.809588147462399,0.8158226968855711,0.8242375813483598,0.8284452074871236,0.830809888444619,0.8306871326332403,0.8303799837482473
